{"cameraMode":{"drawMode":0,"name":"Shaded","section":"Shading Mode"},"sceneLighting":false,"audioPlay":false,"sceneViewState":{"showFog":true,"showMaterialUpdate":true,"showSkybox":true,"showFlares":true,"showImageEffects":true,"showParticleSystems":true},"in2DMode":false,"pivot":{"x":-114.89076232910156,"y":-7.910758972167969,"z":97.66281127929688},"rotation":{"x":-0.14648205041885377,"y":0.39467042684555056,"z":-0.06389850378036499,"w":-0.904823362827301},"size":15.336615562438965,"orthographic":false}