{"cameraMode":{"drawMode":0,"name":"Shaded","section":"Shading Mode"},"sceneLighting":false,"audioPlay":false,"sceneViewState":{"showFog":true,"showMaterialUpdate":true,"showSkybox":true,"showFlares":true,"showImageEffects":true,"showParticleSystems":true},"in2DMode":false,"pivot":{"x":-109.33746337890625,"y":0.8861478567123413,"z":81.6539077758789},"rotation":{"x":-0.04644909128546715,"y":0.508505642414093,"z":-0.02748931385576725,"w":-0.8593727946281433},"size":1.8754513263702393,"orthographic":false}