{"cameraMode":{"drawMode":0,"name":"Shaded","section":"Shading Mode"},"sceneLighting":false,"audioPlay":false,"sceneViewState":{"showFog":true,"showMaterialUpdate":true,"showSkybox":false,"showFlares":true,"showImageEffects":true,"showParticleSystems":true},"in2DMode":false,"pivot":{"x":-93.49310302734375,"y":14.989999771118164,"z":74.22747802734375},"rotation":{"x":0.0478808656334877,"y":-0.9472858905792236,"z":0.1694427877664566,"w":0.2676820158958435},"size":4.116716384887695,"orthographic":false}