{"cameraMode":{"drawMode":0,"name":"Shaded","section":"Shading Mode"},"sceneLighting":false,"audioPlay":false,"sceneViewState":{"showFog":true,"showMaterialUpdate":true,"showSkybox":false,"showFlares":true,"showImageEffects":true,"showParticleSystems":true},"in2DMode":false,"pivot":{"x":-111.01966857910156,"y":0.7653056383132935,"z":56.914581298828128},"rotation":{"x":0.18832966685295106,"y":-0.06623620539903641,"z":0.012731672264635563,"w":0.9797895550727844},"size":1.4673359394073487,"orthographic":false}