{"cameraMode":{"drawMode":0,"name":"Shaded","section":"Shading Mode"},"sceneLighting":false,"audioPlay":false,"sceneViewState":{"showFog":true,"showMaterialUpdate":true,"showSkybox":false,"showFlares":true,"showImageEffects":true,"showParticleSystems":true},"in2DMode":false,"pivot":{"x":-110.22047424316406,"y":1.508209228515625,"z":55.7939453125},"rotation":{"x":0.07635556161403656,"y":0.6768399477005005,"z":-0.07091882824897766,"w":0.7287264466285706},"size":1.4673359394073487,"orthographic":false}