{"cameraMode":{"drawMode":0,"name":"Shaded","section":"Shading Mode"},"sceneLighting":false,"audioPlay":false,"sceneViewState":{"showFog":true,"showMaterialUpdate":true,"showSkybox":true,"showFlares":true,"showImageEffects":true,"showParticleSystems":true},"in2DMode":false,"pivot":{"x":-109.19187927246094,"y":1.2475894689559937,"z":81.25442504882813},"rotation":{"x":-0.019689349457621576,"y":0.683810830116272,"z":-0.01847030781209469,"w":-0.7291702628135681},"size":1.8754513263702393,"orthographic":false}