{"cameraMode":{"drawMode":0,"name":"Shaded","section":"Shading Mode"},"sceneLighting":false,"audioPlay":false,"sceneViewState":{"showFog":true,"showMaterialUpdate":true,"showSkybox":false,"showFlares":true,"showImageEffects":true,"showParticleSystems":true},"in2DMode":false,"pivot":{"x":-111.52681732177735,"y":1.4527909755706788,"z":56.41204833984375},"rotation":{"x":-0.034480780363082889,"y":-0.1862902194261551,"z":-0.0065367198549211029,"w":0.9818763136863709},"size":1.4673359394073487,"orthographic":false}