{"cameraMode":{"drawMode":0,"name":"Shaded","section":"Shading Mode"},"sceneLighting":false,"audioPlay":false,"sceneViewState":{"showFog":true,"showMaterialUpdate":true,"showSkybox":true,"showFlares":true,"showImageEffects":true,"showParticleSystems":true},"in2DMode":false,"pivot":{"x":-75.04961395263672,"y":-2.3104114532470705,"z":78.92498016357422},"rotation":{"x":-0.07146387547254563,"y":-0.7427476644515991,"z":0.08030087500810623,"w":-0.6609442830085754},"size":10.0,"orthographic":false}