{"cameraMode":{"drawMode":0,"name":"Shaded","section":"Shading Mode"},"sceneLighting":false,"audioPlay":false,"sceneViewState":{"showFog":true,"showMaterialUpdate":true,"showSkybox":true,"showFlares":true,"showImageEffects":true,"showParticleSystems":true},"in2DMode":false,"pivot":{"x":-115.30343627929688,"y":29.600566864013673,"z":80.88179779052735},"rotation":{"x":-0.2516179084777832,"y":-0.2558111548423767,"z":0.06914622336626053,"w":-0.9308509826660156},"size":1.8754513263702393,"orthographic":false}