{"cameraMode":{"drawMode":0,"name":"Shaded","section":"Shading Mode"},"sceneLighting":false,"audioPlay":false,"sceneViewState":{"showFog":true,"showMaterialUpdate":true,"showSkybox":false,"showFlares":true,"showImageEffects":true,"showParticleSystems":true},"in2DMode":false,"pivot":{"x":-0.42027103900909426,"y":4.94281530380249,"z":28.18268585205078},"rotation":{"x":-0.20230016112327577,"y":-0.002653717063367367,"z":0.0005482333363033831,"w":-0.979352593421936},"size":0.2182432860136032,"orthographic":false}