{"cameraMode":{"drawMode":0,"name":"Shaded","section":"Shading Mode"},"sceneLighting":false,"audioPlay":false,"sceneViewState":{"showFog":true,"showMaterialUpdate":true,"showSkybox":false,"showFlares":true,"showImageEffects":true,"showParticleSystems":true},"in2DMode":false,"pivot":{"x":-109.60423278808594,"y":0.23772850632667542,"z":83.42594146728516},"rotation":{"x":0.09038203954696655,"y":0.5921491980552673,"z":-0.06709648668766022,"w":0.797981858253479},"size":1.6570675373077393,"orthographic":false}