{"cameraMode":{"drawMode":0,"name":"Shaded","section":"Shading Mode"},"sceneLighting":false,"audioPlay":false,"sceneViewState":{"showFog":true,"showMaterialUpdate":true,"showSkybox":false,"showFlares":true,"showImageEffects":true,"showParticleSystems":true},"in2DMode":false,"pivot":{"x":1.4600000381469727,"y":0.24000000953674317,"z":21.020000457763673},"rotation":{"x":0.22709676623344422,"y":0.03097539208829403,"z":-0.007170323748141527,"w":0.973405122756958},"size":18.660524368286134,"orthographic":false}